Segment,Model,SNP,Chr,Pos,P.value,MAF,nobs,H&B.P.Value,Effect,Threshold_Used
Seg10,BLINK,chr1_143908557,1,143908557,1.97510976157184e-06,0.265422077922078,616,0.333601964058768,1.91015270348627,3.29663068794244e-05
Seg10,BLINK,chr3_969942,3,969942,1.42945810484866e-05,0.331980519480519,616,0.705008733142848,1.64511495150534,3.29663068794244e-05
Seg10,BLINK,chr4_15702362,4,15702362,1.47375551652902e-05,0.382305194805195,616,0.705008733142848,-1.42848059986479,3.29663068794244e-05
Seg10,BLINK,chr7_110397976,7,110397976,2.5627137211295e-05,0.327922077922078,616,0.705008733142848,1.67788199581996,3.29663068794244e-05
Seg10,BLINK,chr7_174798172,7,174798172,1.87687756964609e-05,0.280844155844156,616,0.705008733142848,1.7868325715933,3.29663068794244e-05
Seg10,BLINK,chr10_8382270,10,8382270,2.93796695626866e-05,0.278409090909091,616,0.705008733142848,1.73382713446489,3.29663068794244e-05
Seg12,BLINK,chr1_133227688,1,133227688,1.92832907103572e-05,0.167207792207792,616,0.75799476197628,-2.83706255063384,3.29663068794244e-05
Seg12,BLINK,chr2_63693277,2,63693277,2.98281555110535e-05,0.276785714285714,616,0.839677491713912,-2.63832708357053,3.29663068794244e-05
Seg12,BLINK,chr4_15702362,4,15702362,1.09556945511304e-05,0.382305194805195,616,0.75799476197628,-2.33986501338914,3.29663068794244e-05
Seg12,BLINK,chr6_13319453,6,13319453,7.80433360417754e-06,0.284902597402597,616,0.75799476197628,2.96718249832905,3.29663068794244e-05
Seg12,BLINK,chr6_89043376,6,89043376,1.60179411899718e-05,0.277597402597403,616,0.75799476197628,2.85613807762973,3.29663068794244e-05
Seg12,BLINK,chr10_38016525,10,38016525,2.2438759583201e-05,0.345779220779221,616,0.75799476197628,2.50399692140613,3.29663068794244e-05
Seg13,BLINK,chr1_133227688,1,133227688,6.2425903922291e-06,0.167207792207792,616,0.527196122509336,-2.13808105019319,3.29663068794244e-05
Seg13,BLINK,chr6_13319453,6,13319453,3.09584857258509e-06,0.284902597402597,616,0.52289811145534,2.20693338967277,3.29663068794244e-05
Seg13,BLINK,chr12_4508375,12,4508375,2.50218493601986e-05,0.269480519480519,616,0.925996927245782,-2.03020008630708,3.29663068794244e-05
Seg14,BLINK,chr1_133227688,1,133227688,2.35639393235508e-05,0.167207792207792,616,0.785299443751585,1.86419849336864,3.29663068794244e-05
Seg14,BLINK,chr6_13319453,6,13319453,1.39183583869308e-06,0.284902597402597,616,0.235085248662778,-2.12440538341092,3.29663068794244e-05
Seg14,BLINK,chr7_92702798,7,92702798,2.34881326874938e-05,0.306818181818182,616,0.785299443751585,-1.66347147786325,3.29663068794244e-05
Seg14,BLINK,chr9_34616599,9,34616599,2.63056874179515e-05,0.243506493506494,616,0.785299443751585,-1.75637525996249,3.29663068794244e-05
Seg14,BLINK,chr11_25346027,11,25346027,2.71107519075861e-05,0.198863636363636,616,0.785299443751585,-1.92294569672404,3.29663068794244e-05
Seg14,BLINK,chr12_4508375,12,4508375,2.78964652049372e-05,0.269480519480519,616,0.785299443751585,1.87886529667175,3.29663068794244e-05
Seg19,BLINK,chr1_143908557,1,143908557,4.33704678865129e-06,0.265422077922078,616,0.324282423752913,3.39715090182616,3.29663068794244e-05
Seg19,BLINK,chr3_969942,3,969942,7.67973153236858e-06,0.331980519480519,616,0.324282423752913,3.11941016964971,3.29663068794244e-05
Seg19,BLINK,chr10_8382270,10,8382270,6.8687928292282e-06,0.278409090909091,616,0.324282423752913,3.43046030761051,3.29663068794244e-05
Seg19,BLINK,chr10_8382283,10,8382283,4.5705047706164e-06,0.283279220779221,616,0.324282423752913,3.35555228729545,3.29663068794244e-05
Seg20,BLINK,chr1_143908557,1,143908557,5.12104383415561e-06,0.265422077922078,616,0.607132452637835,-3.39155443096063,3.29663068794244e-05
Seg20,BLINK,chr1_170071342,1,170071342,2.34990192298221e-05,0.257305194805195,616,0.607132452637835,3.32299500046257,3.29663068794244e-05
Seg20,BLINK,chr3_969942,3,969942,1.35412077950034e-05,0.331980519480519,616,0.607132452637835,-3.05273299000385,3.29663068794244e-05
Seg20,BLINK,chr4_15702362,4,15702362,1.76349375341993e-05,0.382305194805195,616,0.607132452637835,2.61972961802991,3.29663068794244e-05
Seg20,BLINK,chr7_20076357,7,20076357,2.51619400985468e-05,0.286525974025974,616,0.607132452637835,-3.21128530828545,3.29663068794244e-05
Seg20,BLINK,chr9_5229348,9,5229348,2.20348893455135e-05,0.288961038961039,616,0.607132452637835,3.20280437215718,3.29663068794244e-05
Seg20,BLINK,chr0_71292744,13,71292744,2.35948558249989e-05,0.284090909090909,616,0.607132452637835,3.21845706384242,3.29663068794244e-05
Seg22,BLINK,chr1_170071342,1,170071342,1.9409726421321e-05,0.257305194805195,616,0.83696823215242,4.88022968048046,3.29663068794244e-05
Seg22,BLINK,chr7_20076357,7,20076357,2.17391094561052e-05,0.286525974025974,616,0.83696823215242,-4.70549617711139,3.29663068794244e-05
Seg22,BLINK,chr9_5229348,9,5229348,9.45280252231482e-06,0.288961038961039,616,0.83696823215242,4.85851935295021,3.29663068794244e-05
Seg22,BLINK,chr0_71292744,13,71292744,2.69827177763572e-05,0.284090909090909,616,0.83696823215242,4.64686721336184,3.29663068794244e-05
Seg23,BLINK,chr1_143908521,1,143908521,2.60076385821131e-05,0.244318181818182,616,0.812274515473973,3.20920999971903,3.29663068794244e-05
Seg23,BLINK,chr1_361048212,1,361048212,1.92761574881409e-06,0.313311688311688,616,0.325580082821946,-3.45122311102896,3.29663068794244e-05
Seg23,BLINK,chr7_95078370,7,95078370,1.64474924019095e-05,0.24512987012987,616,0.812274515473973,3.11382914798864,3.29663068794244e-05
Seg23,BLINK,chr9_5229348,9,5229348,2.846722519612e-05,0.288961038961039,616,0.812274515473973,-3.10389620322077,3.29663068794244e-05
Seg23,BLINK,chr10_8382283,10,8382283,2.06157422013269e-05,0.283279220779221,616,0.812274515473973,3.08333626080714,3.29663068794244e-05
Seg24,BLINK,chr1_143908557,1,143908557,2.50099271920893e-05,0.265422077922078,616,0.85091352164324,-2.77262464266178,3.29663068794244e-05
Seg24,BLINK,chr1_170071342,1,170071342,1.70799505071074e-05,0.257305194805195,616,0.85091352164324,2.98441095651075,3.29663068794244e-05
Seg24,BLINK,chr1_361048212,1,361048212,3.12570729658268e-06,0.313311688311688,616,0.527941339514704,3.04095684923096,3.29663068794244e-05
Seg24,BLINK,chr7_20076357,7,20076357,2.57825950814841e-05,0.286525974025974,616,0.85091352164324,-2.83331278271005,3.29663068794244e-05
Seg24,BLINK,chr9_5229348,9,5229348,1.3467862812032e-05,0.288961038961039,616,0.85091352164324,2.90120200874059,3.29663068794244e-05
Seg25,BLINK,chr1_143908557,1,143908557,1.84626215729039e-05,0.265422077922078,616,0.56787601990734,-2.59569787225811,3.29663068794244e-05
Seg25,BLINK,chr3_969942,3,969942,5.53868241957836e-06,0.331980519480519,616,0.467750038357022,-2.59338803299115,3.29663068794244e-05
Seg25,BLINK,chr4_15702362,4,15702362,2.87362309864212e-06,0.382305194805195,616,0.467750038357022,2.32195327224217,3.29663068794244e-05
Seg25,BLINK,chr4_73003482,4,73003482,8.33555944024675e-06,0.278409090909091,616,0.469300332045332,2.86436179399715,3.29663068794244e-05
Seg25,BLINK,chr6_43915608,6,43915608,3.22134347080882e-05,0.283279220779221,616,0.680118220312528,2.5348182381626,3.29663068794244e-05
Seg25,BLINK,chr6_89043376,6,89043376,2.01567579346088e-05,0.277597402597403,616,0.56787601990734,-2.63465362837877,3.29663068794244e-05
Seg25,BLINK,chr7_20076357,7,20076357,2.21094669831435e-05,0.286525974025974,616,0.56787601990734,-2.63212877574409,3.29663068794244e-05
Seg25,BLINK,chr9_74642261,9,74642261,2.35350002033793e-05,0.280032467532468,616,0.56787601990734,2.64485869692126,3.29663068794244e-05
Seg26,BLINK,chr1_193505583,1,193505583,9.90504735669215e-06,0.316558441558442,616,0.605061270843579,-2.02523311550523,3.29663068794244e-05
Seg26,BLINK,chr1_351869150,1,351869150,3.17380620675121e-05,0.320616883116883,616,0.743160156755884,-1.8713837442126,3.29663068794244e-05
Seg26,BLINK,chr3_969942,3,969942,2.14938019162565e-05,0.331980519480519,616,0.605061270843579,-1.95555802689934,3.29663068794244e-05
Seg26,BLINK,chr4_15702362,4,15702362,1.20470179590035e-05,0.382305194805195,616,0.605061270843579,1.75116891971512,3.29663068794244e-05
Seg26,BLINK,chr4_73003482,4,73003482,3.47534740894899e-06,0.278409090909091,616,0.586996603413711,2.40135710569787,3.29663068794244e-05
Seg26,BLINK,chr4_174656036,4,174656036,1.97639401145834e-05,0.323051948051948,616,0.605061270843579,1.95768353385205,3.29663068794244e-05
Seg26,BLINK,chr9_74642261,9,74642261,1.77615717105005e-05,0.280032467532468,616,0.605061270843579,2.16190632968563,3.29663068794244e-05
Seg28,BLINK,chr1_193505583,1,193505583,9.33764870381128e-07,0.316558441558442,616,0.157715687901984,-1.53173756162355,3.29663068794244e-05
Seg28,BLINK,chr4_174656036,4,174656036,2.09454064809496e-05,0.323051948051948,616,0.884435497712956,1.33219025965319,3.29663068794244e-05
Seg28,BLINK,chr6_102829163,6,102829163,9.38121357829764e-06,0.266233766233766,616,0.792257558507604,-1.53332734376414,3.29663068794244e-05
Seg28,BLINK,chr9_74642261,9,74642261,1.8334661938896e-05,0.280032467532468,616,0.884435497712956,1.4731951676817,3.29663068794244e-05
Seg29,BLINK,chr1_193505583,1,193505583,5.58941780936735e-06,0.316558441558442,616,0.509739412588316,-3.93585934285801,3.29663068794244e-05
Seg29,BLINK,chr4_73003482,4,73003482,1.00676962816314e-05,0.278409090909091,616,0.509739412588316,4.32617110002516,3.29663068794244e-05
Seg29,BLINK,chr4_174656036,4,174656036,1.20717669334071e-05,0.323051948051948,616,0.509739412588316,3.7968214494026,3.29663068794244e-05
Seg29,BLINK,chr6_102829163,6,102829163,1.06897265212242e-05,0.266233766233766,616,0.509739412588316,-4.22342569267915,3.29663068794244e-05
Seg29,BLINK,chr6_113960020,6,113960020,2.25884283976009e-05,0.342532467532468,616,0.763050664327998,3.94076575107192,3.29663068794244e-05
Seg30,BLINK,chr1_193505583,1,193505583,3.08855255503846e-06,0.316558441558442,616,0.442673360420448,-4.25296497150671,3.29663068794244e-05
Seg30,BLINK,chr4_73003482,4,73003482,1.01584683681263e-05,0.278409090909091,616,0.442673360420448,4.55093498802475,3.29663068794244e-05
Seg30,BLINK,chr4_174656036,4,174656036,1.04834931391496e-05,0.323051948051948,616,0.442673360420448,4.02343645785296,3.29663068794244e-05
Seg30,BLINK,chr6_102829163,6,102829163,9.87356031087431e-06,0.266233766233766,616,0.442673360420448,-4.46189702304493,3.29663068794244e-05
Seg30,BLINK,chr9_74642261,9,74642261,2.89417457414804e-05,0.280032467532468,616,0.977669536194653,4.19583836201111,3.29663068794244e-05
Seg33,BLINK,chr1_193505583,1,193505583,5.90411981755378e-06,0.316558441558442,616,0.951960757818266,-2.07579044777318,3.29663068794244e-05
Seg33,BLINK,chr2_152084238,2,152084238,2.81779406121509e-05,0.268668831168831,616,0.951960757818266,-2.11467985438979,3.29663068794244e-05
Seg33,BLINK,chr4_174656036,4,174656036,2.89136220623745e-05,0.323051948051948,616,0.951960757818266,1.91938293570274,3.29663068794244e-05
Seg33,BLINK,chr6_102829163,6,102829163,1.40821240784066e-05,0.266233766233766,616,0.951960757818266,-2.20293071488874,3.29663068794244e-05
Seg33,BLINK,chr9_74642261,9,74642261,2.84968658831723e-05,0.280032467532468,616,0.951960757818266,2.10966080509705,3.29663068794244e-05
Seg34,BLINK,chr1_131409683,1,131409683,1.73674565824376e-06,0.293019480519481,616,0.293341551914346,-3.94823825183195,3.29663068794244e-05
Seg34,BLINK,chr1_484533401,1,484533401,9.17188454263415e-06,0.288149350649351,616,0.387289703726134,-4.10307210027656,3.29663068794244e-05
Seg34,BLINK,chr2_152084238,2,152084238,8.61982942908319e-06,0.268668831168831,616,0.387289703726134,-4.19796041971468,3.29663068794244e-05
Seg34,BLINK,chr8_4129488,8,4129488,2.36372043093934e-05,0.330357142857143,616,0.780864909084772,3.55283340238238,3.29663068794244e-05
Seg34,BLINK,chr8_21627335,8,21627335,2.77389356879904e-05,0.287337662337662,616,0.780864909084772,-3.79748454826602,3.29663068794244e-05
Seg34,BLINK,chr10_23318853,10,23318853,8.59395692496493e-06,0.278409090909091,616,0.387289703726134,-4.25999884515958,3.29663068794244e-05
Seg36,BLINK,chr1_133227688,1,133227688,2.9842722152775e-05,0.167207792207792,616,0.615565743995764,1.44877671000009,3.29663068794244e-05
Seg36,BLINK,chr1_484533401,1,484533401,2.17107725722633e-05,0.288149350649351,616,0.615565743995764,-1.46029296452032,3.29663068794244e-05
Seg36,BLINK,chr6_13319453,6,13319453,1.422700033082e-05,0.284902597402597,616,0.615565743995764,-1.50598804366794,3.29663068794244e-05
Seg36,BLINK,chr6_102713613,6,102713613,2.28051804068591e-05,0.306006493506494,616,0.615565743995764,1.31624791096166,3.29663068794244e-05
Seg36,BLINK,chr7_81956191,7,81956191,9.32910388775489e-06,0.267045454545455,616,0.615565743995764,1.56199689530792,3.29663068794244e-05
Seg36,BLINK,chr7_177108878,7,177108878,2.72220741044162e-05,0.271915584415584,616,0.615565743995764,1.49007076635383,3.29663068794244e-05
Seg36,BLINK,chr12_4508375,12,4508375,1.04124475715752e-05,0.269480519480519,616,0.615565743995764,1.55470707990747,3.29663068794244e-05
Seg37,BLINK,chr1_131409683,1,131409683,4.07297569526507e-10,0.293019480519481,616,6.87937813857357e-05,3.39460808197705,3.29663068794244e-05
Seg37,BLINK,chr8_4129488,8,4129488,1.91983745382663e-05,0.330357142857143,616,0.655292344587168,-2.57854042105105,3.29663068794244e-05
Seg37,BLINK,chr10_23318853,10,23318853,9.84623491881287e-08,0.278409090909091,616,0.00831529308246125,3.49937468620618,3.29663068794244e-05
Seg37,BLINK,chr10_98504226,10,98504226,1.93984815126779e-05,0.131493506493506,616,0.655292344587168,3.52457044478352,3.29663068794244e-05
Seg37,BLINK,chr12_4508375,12,4508375,3.8374231067216e-07,0.269480519480519,616,0.0216050758331533,-3.26283305547059,3.29663068794244e-05
Seg37,BLINK,chr12_33481605,12,33481605,2.56450995077149e-05,0.245941558441558,616,0.721922373691927,2.70184225226997,3.29663068794244e-05
Seg38,BLINK,chr1_131409683,1,131409683,4.65146513006166e-10,0.293019480519481,616,7.85646414862805e-05,6.2294504470021,3.29663068794244e-05
Seg38,BLINK,chr1_205632232,1,205632232,2.10228354952788e-05,0.402597402597403,616,0.5989555954533,4.67059608677868,3.29663068794244e-05
Seg38,BLINK,chr4_22634680,4,22634680,3.19153618294507e-05,0.277597402597403,616,0.5989555954533,-4.98683753931222,3.29663068794244e-05
Seg38,BLINK,chr10_23318853,10,23318853,2.94664980826434e-07,0.278409090909091,616,0.0165899330855091,6.14066744677274,3.29663068794244e-05
Seg38,BLINK,chr10_98504226,10,98504226,2.96504652013994e-05,0.131493506493506,616,0.5989555954533,6.30861149136625,3.29663068794244e-05
Seg38,BLINK,chr10_99282540,10,99282540,3.15949590817757e-05,0.316558441558442,616,0.5989555954533,4.79390288784404,3.29663068794244e-05
Seg38,BLINK,chr12_4508375,12,4508375,9.024223885665e-08,0.269480519480519,616,0.00762109243480238,-6.32024562646809,3.29663068794244e-05
Seg38,BLINK,chr12_27793474,12,27793474,1.82842620593962e-05,0.290584415584416,616,0.5989555954533,-5.07464613541435,3.29663068794244e-05
Seg38,BLINK,chr12_33481605,12,33481605,2.32958975326699e-05,0.245941558441558,616,0.5989555954533,4.97013487613686,3.29663068794244e-05
Seg5,BLINK,chr1_445756677,1,445756677,2.84934677293035e-05,0.281655844155844,616,0.79544401869363,-3.11753463701715,3.29663068794244e-05
Seg5,BLINK,chr5_83797393,5,83797393,2.02279509879382e-05,0.290584415584416,616,0.79544401869363,3.32915906331054,3.29663068794244e-05
Seg5,BLINK,chr6_13319453,6,13319453,3.9590200673809e-06,0.284902597402597,616,0.668690366440835,3.52921833108088,3.29663068794244e-05
Seg5,BLINK,chr7_92683424,7,92683424,3.07612778815096e-05,0.290584415584416,616,0.79544401869363,2.91234879609594,3.29663068794244e-05
Seg5,BLINK,chr7_92702798,7,92702798,2.60657538218467e-05,0.306818181818182,616,0.79544401869363,2.87304373837776,3.29663068794244e-05
Seg5,BLINK,chr9_34616599,9,34616599,2.88160149171191e-05,0.243506493506494,616,0.79544401869363,3.0354271626276,3.29663068794244e-05
Seg5,BLINK,chr11_24188091,11,24188091,3.29663068794244e-05,0.284090909090909,616,0.79544401869363,3.12881162330779,3.29663068794244e-05
